flawfinder,mlpack,CWE-119
flawfinder,mlpack,CWE-120
flawfinder,mlpack,CWE-119
flawfinder,mlpack,CWE-120
flawfinder,mlpack,CWE-362
flawfinder,mlpack,CWE-20
flawfinder,mlpack,CWE-119
flawfinder,mlpack,CWE-120
flawfinder,numpy,CWE-120
flawfinder,numpy,CWE-119
flawfinder,numpy,CWE-120
flawfinder,numpy,CWE-120
flawfinder,numpy,CWE-126
flawfinder,numpy,CWE-134
flawfinder,numpy,CWE-134
flawfinder,numpy,CWE-134
flawfinder,numpy,CWE-120
flawfinder,numpy,CWE-119
flawfinder,numpy,CWE-120
flawfinder,numpy,CWE-119
flawfinder,numpy,CWE-120
flawfinder,numpy,CWE-120
flawfinder,numpy,CWE-119
flawfinder,numpy,CWE-120
flawfinder,numpy,CWE-119
flawfinder,numpy,CWE-120
flawfinder,numpy,CWE-119
flawfinder,numpy,CWE-120
flawfinder,numpy,CWE-119
flawfinder,numpy,CWE-120
flawfinder,numpy,CWE-119
flawfinder,numpy,CWE-120
flawfinder,numpy,CWE-120
flawfinder,numpy,CWE-119
flawfinder,numpy,CWE-120
flawfinder,numpy,CWE-126
flawfinder,numpy,CWE-134
flawfinder,numpy,CWE-134
flawfinder,numpy,CWE-134
flawfinder,numpy,CWE-120
flawfinder,numpy,CWE-20
flawfinder,numpy,CWE-134
flawfinder,numpy,CWE-134
flawfinder,numpy,CWE-134
flawfinder,numpy,CWE-120
flawfinder,numpy,CWE-20
flawfinder,numpy,CWE-134
flawfinder,numpy,CWE-134
flawfinder,numpy,CWE-134
flawfinder,numpy,CWE-120
flawfinder,numpy,CWE-119
flawfinder,numpy,CWE-120
flawfinder,numpy,CWE-119
flawfinder,numpy,CWE-120
flawfinder,numpy,CWE-120
flawfinder,numpy,CWE-119
flawfinder,numpy,CWE-120
flawfinder,numpy,CWE-119
flawfinder,numpy,CWE-120
flawfinder,numpy,CWE-119
flawfinder,numpy,CWE-120
flawfinder,numpy,CWE-119
flawfinder,numpy,CWE-120
flawfinder,numpy,CWE-119
flawfinder,numpy,CWE-120
flawfinder,numpy,CWE-120
flawfinder,numpy,CWE-119
flawfinder,numpy,CWE-120
flawfinder,numpy,CWE-126
flawfinder,numpy,CWE-119
flawfinder,numpy,CWE-120
flawfinder,numpy,CWE-119
flawfinder,numpy,CWE-120
flawfinder,numpy,CWE-119
flawfinder,numpy,CWE-120
flawfinder,numpy,CWE-120
flawfinder,numpy,CWE-120
flawfinder,numpy,CWE-134
flawfinder,numpy,CWE-134
flawfinder,numpy,CWE-134
flawfinder,numpy,CWE-120
flawfinder,numpy,CWE-119
flawfinder,numpy,CWE-120
flawfinder,numpy,CWE-119
flawfinder,numpy,CWE-120
flawfinder,numpy,CWE-120
flawfinder,numpy,CWE-119
flawfinder,numpy,CWE-120
flawfinder,numpy,CWE-119
flawfinder,numpy,CWE-120
flawfinder,numpy,CWE-119
flawfinder,numpy,CWE-120
flawfinder,numpy,CWE-119
flawfinder,numpy,CWE-120
flawfinder,numpy,CWE-119
flawfinder,numpy,CWE-120
flawfinder,numpy,CWE-120
flawfinder,numpy,CWE-119
flawfinder,numpy,CWE-120
flawfinder,numpy,CWE-126
flawfinder,numpy,CWE-120
flawfinder,numpy,CWE-120
flawfinder,numpy,CWE-120
flawfinder,numpy,CWE-120
flawfinder,numpy,CWE-119
flawfinder,numpy,CWE-120
flawfinder,numpy,CWE-120
flawfinder,numpy,CWE-119
flawfinder,numpy,CWE-120
flawfinder,numpy,CWE-119
flawfinder,numpy,CWE-120
flawfinder,numpy,CWE-119
flawfinder,numpy,CWE-120
flawfinder,numpy,CWE-119
flawfinder,numpy,CWE-120
flawfinder,numpy,CWE-126
flawfinder,numpy,CWE-126
flawfinder,numpy,CWE-120
flawfinder,numpy,CWE-120
flawfinder,numpy,CWE-120
flawfinder,numpy,CWE-120
flawfinder,numpy,CWE-120
flawfinder,numpy,CWE-119
flawfinder,numpy,CWE-120
flawfinder,numpy,CWE-120
flawfinder,numpy,CWE-120
flawfinder,numpy,CWE-126
flawfinder,numpy,CWE-134
flawfinder,numpy,CWE-134
flawfinder,numpy,CWE-134
flawfinder,numpy,CWE-120
flawfinder,numpy,CWE-119
flawfinder,numpy,CWE-120
flawfinder,numpy,CWE-119
flawfinder,numpy,CWE-120
flawfinder,numpy,CWE-119
flawfinder,numpy,CWE-120
flawfinder,numpy,CWE-120
flawfinder,numpy,CWE-119
flawfinder,numpy,CWE-120
flawfinder,numpy,CWE-119
flawfinder,numpy,CWE-120
flawfinder,numpy,CWE-119
flawfinder,numpy,CWE-120
flawfinder,numpy,CWE-119
flawfinder,numpy,CWE-120
flawfinder,numpy,CWE-119
flawfinder,numpy,CWE-120
flawfinder,numpy,CWE-120
flawfinder,numpy,CWE-119
flawfinder,numpy,CWE-120
flawfinder,numpy,CWE-126
flawfinder,numpy,CWE-120
flawfinder,numpy,CWE-120
flawfinder,numpy,CWE-119
flawfinder,numpy,CWE-120
flawfinder,numpy,CWE-119
flawfinder,numpy,CWE-120
flawfinder,numpy,CWE-119
flawfinder,numpy,CWE-120
flawfinder,numpy,CWE-119
flawfinder,numpy,CWE-120
flawfinder,numpy,CWE-126
flawfinder,numpy,CWE-126
flawfinder,numpy,CWE-120
flawfinder,numpy,CWE-120
flawfinder,numpy,CWE-120
flawfinder,numpy,CWE-126
flawfinder,numpy,CWE-120
flawfinder,numpy,CWE-120
flawfinder,numpy,CWE-120
flawfinder,numpy,CWE-120
flawfinder,numpy,CWE-120
flawfinder,numpy,CWE-120
flawfinder,numpy,CWE-120
flawfinder,numpy,CWE-120
flawfinder,numpy,CWE-120
flawfinder,numpy,CWE-120
flawfinder,numpy,CWE-126
flawfinder,numpy,CWE-120
flawfinder,numpy,CWE-20
flawfinder,numpy,CWE-126
flawfinder,numpy,CWE-126
flawfinder,numpy,CWE-134
flawfinder,numpy,CWE-134
flawfinder,numpy,CWE-120
flawfinder,numpy,CWE-120
flawfinder,numpy,CWE-120
flawfinder,numpy,CWE-120
flawfinder,numpy,CWE-119
flawfinder,numpy,CWE-120
flawfinder,numpy,CWE-120
flawfinder,numpy,CWE-126
flawfinder,numpy,CWE-120
flawfinder,numpy,CWE-120
flawfinder,numpy,CWE-120
flawfinder,numpy,CWE-120
flawfinder,numpy,CWE-120
flawfinder,numpy,CWE-120
flawfinder,numpy,CWE-120
flawfinder,numpy,CWE-120
flawfinder,numpy,CWE-119
flawfinder,numpy,CWE-120
flawfinder,numpy,CWE-120
flawfinder,numpy,CWE-120
flawfinder,numpy,CWE-126
flawfinder,numpy,CWE-120
flawfinder,numpy,CWE-20
flawfinder,numpy,CWE-126
flawfinder,numpy,CWE-126
flawfinder,numpy,CWE-120
flawfinder,numpy,CWE-120
flawfinder,numpy,CWE-120
flawfinder,numpy,CWE-126
flawfinder,numpy,CWE-120
flawfinder,numpy,CWE-120
flawfinder,numpy,CWE-120
flawfinder,numpy,CWE-120
flawfinder,numpy,CWE-120
flawfinder,numpy,CWE-120
flawfinder,numpy,CWE-120
flawfinder,numpy,CWE-119
flawfinder,numpy,CWE-120
flawfinder,numpy,CWE-120
flawfinder,numpy,CWE-120
flawfinder,numpy,CWE-126
flawfinder,numpy,CWE-120
flawfinder,numpy,CWE-20
flawfinder,numpy,CWE-126
flawfinder,numpy,CWE-126
flawfinder,numpy,CWE-120
flawfinder,numpy,CWE-20
flawfinder,numpy,CWE-327
flawfinder,numpy,CWE-327
flawfinder,numpy,CWE-327
flawfinder,numpy,CWE-327
flawfinder,numpy,CWE-327
flawfinder,numpy,CWE-120
flawfinder,numpy,CWE-120
flawfinder,numpy,CWE-120
flawfinder,numpy,CWE-120
flawfinder,numpy,CWE-126
flawfinder,numpy,CWE-126
flawfinder,numpy,CWE-362
flawfinder,numpy,CWE-367
flawfinder,numpy,CWE-78
flawfinder,numpy,CWE-327
flawfinder,numpy,CWE-327
flawfinder,numpy,CWE-327
flawfinder,numpy,CWE-327
flawfinder,numpy,CWE-327
flawfinder,numpy,CWE-327
flawfinder,numpy,CWE-327
flawfinder,numpy,CWE-327
flawfinder,numpy,CWE-327
flawfinder,numpy,CWE-327
flawfinder,numpy,CWE-327
flawfinder,numpy,CWE-327
flawfinder,numpy,CWE-327
flawfinder,numpy,CWE-327
flawfinder,numpy,CWE-327
flawfinder,numpy,CWE-327
flawfinder,numpy,CWE-327
flawfinder,numpy,CWE-327
flawfinder,numpy,CWE-327
flawfinder,numpy,CWE-327
flawfinder,numpy,CWE-327
flawfinder,numpy,CWE-327
flawfinder,numpy,CWE-327
flawfinder,numpy,CWE-327
flawfinder,numpy,CWE-327
flawfinder,numpy,CWE-327
flawfinder,numpy,CWE-327
flawfinder,numpy,CWE-327
flawfinder,numpy,CWE-327
flawfinder,numpy,CWE-327
flawfinder,numpy,CWE-327
flawfinder,numpy,CWE-327
flawfinder,numpy,CWE-327
flawfinder,numpy,CWE-327
flawfinder,numpy,CWE-327
flawfinder,numpy,CWE-327
flawfinder,numpy,CWE-327
flawfinder,numpy,CWE-327
flawfinder,numpy,CWE-327
flawfinder,numpy,CWE-327
flawfinder,numpy,CWE-327
flawfinder,numpy,CWE-327
flawfinder,numpy,CWE-327
flawfinder,numpy,CWE-327
flawfinder,numpy,CWE-327
flawfinder,numpy,CWE-327
flawfinder,numpy,CWE-327
flawfinder,numpy,CWE-327
flawfinder,numpy,CWE-327
flawfinder,numpy,CWE-327
flawfinder,numpy,CWE-327
flawfinder,numpy,CWE-327
flawfinder,numpy,CWE-327
flawfinder,numpy,CWE-327
flawfinder,numpy,CWE-327
flawfinder,numpy,CWE-327
flawfinder,numpy,CWE-327
flawfinder,numpy,CWE-327
flawfinder,numpy,CWE-327
flawfinder,numpy,CWE-327
flawfinder,numpy,CWE-327
flawfinder,numpy,CWE-327
flawfinder,numpy,CWE-327
flawfinder,numpy,CWE-327
flawfinder,numpy,CWE-362
flawfinder,numpy,CWE-126
flawfinder,numpy,CWE-126
flawfinder,numpy,CWE-126
flawfinder,numpy,CWE-126
flawfinder,numpy,CWE-126
flawfinder,numpy,CWE-126
flawfinder,numpy,CWE-362
flawfinder,numpy,CWE-362
flawfinder,numpy,CWE-362
flawfinder,numpy,CWE-362
flawfinder,numpy,CWE-362
flawfinder,numpy,CWE-134
flawfinder,numpy,CWE-134
flawfinder,numpy,CWE-134
flawfinder,numpy,CWE-134
flawfinder,numpy,CWE-134
flawfinder,numpy,CWE-120
flawfinder,numpy,CWE-120
flawfinder,numpy,CWE-120
flawfinder,numpy,CWE-120
flawfinder,numpy,CWE-120
flawfinder,numpy,CWE-119
flawfinder,numpy,CWE-120
flawfinder,numpy,CWE-120
flawfinder,numpy,CWE-120
flawfinder,numpy,CWE-120
flawfinder,numpy,CWE-120
flawfinder,numpy,CWE-120
flawfinder,numpy,CWE-120
flawfinder,numpy,CWE-120
flawfinder,numpy,CWE-120
flawfinder,numpy,CWE-120
flawfinder,numpy,CWE-119
flawfinder,numpy,CWE-120
flawfinder,numpy,CWE-126
flawfinder,numpy,CWE-126
flawfinder,numpy,CWE-126
flawfinder,numpy,CWE-126
flawfinder,numpy,CWE-120
flawfinder,numpy,CWE-126
flawfinder,numpy,CWE-126
flawfinder,numpy,CWE-126
flawfinder,numpy,CWE-126
flawfinder,numpy,CWE-126
flawfinder,numpy,CWE-126
flawfinder,numpy,CWE-126
flawfinder,numpy,CWE-126
flawfinder,numpy,CWE-78
flawfinder,numpy,CWE-119
flawfinder,numpy,CWE-120
flawfinder,numpy,CWE-120
flawfinder,numpy,CWE-120
flawfinder,numpy,CWE-120
flawfinder,numpy,CWE-120
flawfinder,numpy,CWE-120
flawfinder,numpy,CWE-120
flawfinder,numpy,CWE-120
flawfinder,numpy,CWE-119
flawfinder,numpy,CWE-120
flawfinder,numpy,CWE-120
flawfinder,numpy,CWE-120
flawfinder,numpy,CWE-126
flawfinder,numpy,CWE-120
flawfinder,numpy,CWE-20
flawfinder,numpy,CWE-126
flawfinder,numpy,CWE-126
flawfinder,numpy,CWE-119
flawfinder,numpy,CWE-120
flawfinder,numpy,CWE-120
flawfinder,numpy,CWE-120
flawfinder,numpy,CWE-119
flawfinder,numpy,CWE-120
flawfinder,numpy,CWE-119
flawfinder,numpy,CWE-120
flawfinder,numpy,CWE-119
flawfinder,numpy,CWE-120
flawfinder,numpy,CWE-119
flawfinder,numpy,CWE-120
flawfinder,numpy,CWE-119
flawfinder,numpy,CWE-120
flawfinder,numpy,CWE-119
flawfinder,numpy,CWE-120
flawfinder,numpy,CWE-119
flawfinder,numpy,CWE-120
flawfinder,numpy,CWE-120
flawfinder,numpy,CWE-119
flawfinder,numpy,CWE-120
flawfinder,numpy,CWE-119
flawfinder,numpy,CWE-120
flawfinder,numpy,CWE-120
flawfinder,numpy,CWE-120
flawfinder,numpy,CWE-120
flawfinder,numpy,CWE-120
flawfinder,numpy,CWE-120
flawfinder,numpy,CWE-120
flawfinder,numpy,CWE-120
flawfinder,numpy,CWE-119
flawfinder,numpy,CWE-120
flawfinder,numpy,CWE-120
flawfinder,numpy,CWE-120
flawfinder,numpy,CWE-126
flawfinder,numpy,CWE-119
flawfinder,numpy,CWE-120
flawfinder,numpy,CWE-119
flawfinder,numpy,CWE-120
flawfinder,numpy,CWE-119
flawfinder,numpy,CWE-120
flawfinder,numpy,CWE-119
flawfinder,numpy,CWE-120
flawfinder,numpy,CWE-120
flawfinder,numpy,CWE-120
flawfinder,numpy,CWE-134
flawfinder,numpy,CWE-134
flawfinder,numpy,CWE-134
flawfinder,numpy,CWE-120
flawfinder,numpy,CWE-119
flawfinder,numpy,CWE-120
flawfinder,numpy,CWE-119
flawfinder,numpy,CWE-120
flawfinder,numpy,CWE-119
flawfinder,numpy,CWE-120
flawfinder,numpy,CWE-120
flawfinder,numpy,CWE-119
flawfinder,numpy,CWE-120
flawfinder,numpy,CWE-119
flawfinder,numpy,CWE-120
flawfinder,numpy,CWE-119
flawfinder,numpy,CWE-120
flawfinder,numpy,CWE-119
flawfinder,numpy,CWE-120
flawfinder,numpy,CWE-119
flawfinder,numpy,CWE-120
flawfinder,numpy,CWE-119
flawfinder,numpy,CWE-120
flawfinder,numpy,CWE-126
flawfinder,numpy,CWE-120
flawfinder,numpy,CWE-120
flawfinder,numpy,CWE-120
flawfinder,numpy,CWE-120
flawfinder,numpy,CWE-126
flawfinder,numpy,CWE-120
flawfinder,numpy,CWE-119
flawfinder,numpy,CWE-120
flawfinder,numpy,CWE-119
flawfinder,numpy,CWE-120
flawfinder,numpy,CWE-119
flawfinder,numpy,CWE-120
flawfinder,numpy,CWE-119
flawfinder,numpy,CWE-120
flawfinder,numpy,CWE-119
flawfinder,numpy,CWE-120
flawfinder,numpy,CWE-119
flawfinder,numpy,CWE-120
flawfinder,numpy,CWE-119
flawfinder,numpy,CWE-120
flawfinder,numpy,CWE-119
flawfinder,numpy,CWE-120
flawfinder,numpy,CWE-119
flawfinder,numpy,CWE-120
flawfinder,numpy,CWE-362
flawfinder,numpy,CWE-377
flawfinder,numpy,CWE-362
flawfinder,numpy,CWE-362
flawfinder,numpy,CWE-362
flawfinder,numpy,CWE-362
flawfinder,numpy,CWE-362
flawfinder,numpy,CWE-362
flawfinder,numpy,CWE-120
flawfinder,numpy,CWE-20
flawfinder,numpy,CWE-120
flawfinder,numpy,CWE-20
flawfinder,numpy,CWE-120
flawfinder,numpy,CWE-20
flawfinder,numpy,CWE-120
flawfinder,numpy,CWE-20
flawfinder,numpy,CWE-120
flawfinder,numpy,CWE-120
flawfinder,numpy,CWE-120
flawfinder,numpy,CWE-120
flawfinder,numpy,CWE-120
flawfinder,numpy,CWE-120
flawfinder,numpy,CWE-120
flawfinder,numpy,CWE-120
flawfinder,numpy,CWE-120
flawfinder,numpy,CWE-120
flawfinder,numpy,CWE-120
flawfinder,numpy,CWE-120
flawfinder,numpy,CWE-120
flawfinder,numpy,CWE-120
flawfinder,numpy,CWE-120
flawfinder,numpy,CWE-120
flawfinder,numpy,CWE-120
flawfinder,numpy,CWE-120
flawfinder,numpy,CWE-120
flawfinder,numpy,CWE-120
flawfinder,numpy,CWE-120
flawfinder,numpy,CWE-120
flawfinder,numpy,CWE-120
flawfinder,numpy,CWE-120
flawfinder,numpy,CWE-120
flawfinder,numpy,CWE-120
flawfinder,numpy,CWE-120
flawfinder,numpy,CWE-119
flawfinder,numpy,CWE-120
flawfinder,numpy,CWE-119
flawfinder,numpy,CWE-120
flawfinder,numpy,CWE-119
flawfinder,numpy,CWE-120
flawfinder,numpy,CWE-119
flawfinder,numpy,CWE-120
flawfinder,numpy,CWE-119
flawfinder,numpy,CWE-120
flawfinder,numpy,CWE-120
flawfinder,numpy,CWE-120
flawfinder,numpy,CWE-120
flawfinder,numpy,CWE-120
flawfinder,numpy,CWE-120
flawfinder,numpy,CWE-120
flawfinder,numpy,CWE-119
flawfinder,numpy,CWE-120
flawfinder,numpy,CWE-120
flawfinder,numpy,CWE-120
flawfinder,numpy,CWE-119
flawfinder,numpy,CWE-120
flawfinder,numpy,CWE-119
flawfinder,numpy,CWE-120
flawfinder,numpy,CWE-119
flawfinder,numpy,CWE-120
flawfinder,numpy,CWE-119
flawfinder,numpy,CWE-120
flawfinder,numpy,CWE-119
flawfinder,numpy,CWE-120
flawfinder,numpy,CWE-126
flawfinder,numpy,CWE-126
flawfinder,numpy,CWE-126
flawfinder,numpy,CWE-126
flawfinder,numpy,CWE-126
flawfinder,numpy,CWE-126
flawfinder,numpy,CWE-126
flawfinder,numpy,CWE-126
flawfinder,numpy,CWE-120
flawfinder,numpy,CWE-120
flawfinder,numpy,CWE-120
flawfinder,numpy,CWE-126
flawfinder,numpy,CWE-119
flawfinder,numpy,CWE-120
flawfinder,numpy,CWE-119
flawfinder,numpy,CWE-120
flawfinder,numpy,CWE-119
flawfinder,numpy,CWE-120
flawfinder,numpy,CWE-119
flawfinder,numpy,CWE-120
flawfinder,numpy,CWE-126
flawfinder,numpy,CWE-126
flawfinder,numpy,CWE-119
flawfinder,numpy,CWE-120
flawfinder,numpy,CWE-119
flawfinder,numpy,CWE-120
flawfinder,numpy,CWE-119
flawfinder,numpy,CWE-120
flawfinder,numpy,CWE-119
flawfinder,numpy,CWE-120
flawfinder,numpy,CWE-126
flawfinder,numpy,CWE-126
flawfinder,numpy,CWE-119
flawfinder,numpy,CWE-120
flawfinder,numpy,CWE-119
flawfinder,numpy,CWE-120
flawfinder,numpy,CWE-120
flawfinder,numpy,CWE-120
flawfinder,numpy,CWE-120
flawfinder,numpy,CWE-120
flawfinder,numpy,CWE-120
flawfinder,numpy,CWE-120
flawfinder,numpy,CWE-120
flawfinder,numpy,CWE-119
flawfinder,numpy,CWE-120
flawfinder,numpy,CWE-120
flawfinder,numpy,CWE-120
flawfinder,numpy,CWE-126
flawfinder,numpy,CWE-120
flawfinder,numpy,CWE-20
flawfinder,numpy,CWE-126
flawfinder,numpy,CWE-126
flawfinder,numpy,CWE-120
flawfinder,numpy,CWE-120
flawfinder,numpy,CWE-120
flawfinder,numpy,CWE-120
flawfinder,numpy,CWE-120
flawfinder,numpy,CWE-120
flawfinder,numpy,CWE-120
flawfinder,numpy,CWE-119
flawfinder,numpy,CWE-120
flawfinder,numpy,CWE-120
flawfinder,numpy,CWE-120
flawfinder,numpy,CWE-126
flawfinder,numpy,CWE-120
flawfinder,numpy,CWE-20
flawfinder,numpy,CWE-126
flawfinder,numpy,CWE-126
flawfinder,numpy,CWE-134
flawfinder,numpy,CWE-134
flawfinder,numpy,CWE-134
flawfinder,numpy,CWE-120
flawfinder,numpy,CWE-119
flawfinder,numpy,CWE-120
flawfinder,numpy,CWE-119
flawfinder,numpy,CWE-120
flawfinder,numpy,CWE-119
flawfinder,numpy,CWE-120
flawfinder,numpy,CWE-120
flawfinder,numpy,CWE-119
flawfinder,numpy,CWE-120
flawfinder,numpy,CWE-119
flawfinder,numpy,CWE-120
flawfinder,numpy,CWE-119
flawfinder,numpy,CWE-120
flawfinder,numpy,CWE-119
flawfinder,numpy,CWE-120
flawfinder,numpy,CWE-119
flawfinder,numpy,CWE-120
flawfinder,numpy,CWE-119
flawfinder,numpy,CWE-120
flawfinder,numpy,CWE-126
flawfinder,numpy,CWE-120
flawfinder,numpy,CWE-120
flawfinder,numpy,CWE-20
flawfinder,numpy,CWE-120
flawfinder,numpy,CWE-20
flawfinder,numpy,CWE-120
flawfinder,numpy,CWE-120
flawfinder,numpy,CWE-120
flawfinder,numpy,CWE-120
flawfinder,numpy,CWE-120
flawfinder,numpy,CWE-120
flawfinder,numpy,CWE-120
flawfinder,numpy,CWE-120
flawfinder,numpy,CWE-120
flawfinder,numpy,CWE-120
flawfinder,numpy,CWE-120
flawfinder,numpy,CWE-120
flawfinder,numpy,CWE-120
flawfinder,numpy,CWE-120
flawfinder,numpy,CWE-120
flawfinder,numpy,CWE-119
flawfinder,numpy,CWE-120
flawfinder,numpy,CWE-120
flawfinder,numpy,CWE-120
flawfinder,numpy,CWE-120
flawfinder,numpy,CWE-119
flawfinder,numpy,CWE-120
flawfinder,numpy,CWE-120
flawfinder,numpy,CWE-120
flawfinder,numpy,CWE-120
flawfinder,numpy,CWE-120
flawfinder,numpy,CWE-119
flawfinder,numpy,CWE-120
flawfinder,numpy,CWE-126
flawfinder,numpy,CWE-126
flawfinder,numpy,CWE-126
flawfinder,numpy,CWE-126
flawfinder,numpy,CWE-126
flawfinder,numpy,CWE-126
flawfinder,numpy,CWE-119
flawfinder,numpy,CWE-120
flawfinder,numpy,CWE-362
flawfinder,numpy,CWE-367
flawfinder,numpy,CWE-78
flawfinder,numpy,CWE-327
flawfinder,numpy,CWE-327
flawfinder,numpy,CWE-327
flawfinder,numpy,CWE-327
flawfinder,numpy,CWE-327
flawfinder,numpy,CWE-327
flawfinder,numpy,CWE-327
flawfinder,numpy,CWE-327
flawfinder,numpy,CWE-327
flawfinder,numpy,CWE-327
flawfinder,numpy,CWE-327
flawfinder,numpy,CWE-327
flawfinder,numpy,CWE-327
flawfinder,numpy,CWE-327
flawfinder,numpy,CWE-327
flawfinder,numpy,CWE-327
flawfinder,numpy,CWE-327
flawfinder,numpy,CWE-327
flawfinder,numpy,CWE-327
flawfinder,numpy,CWE-327
flawfinder,numpy,CWE-327
flawfinder,numpy,CWE-327
flawfinder,numpy,CWE-327
flawfinder,numpy,CWE-327
flawfinder,numpy,CWE-327
flawfinder,numpy,CWE-327
flawfinder,numpy,CWE-327
flawfinder,numpy,CWE-327
flawfinder,numpy,CWE-327
flawfinder,numpy,CWE-327
flawfinder,numpy,CWE-327
flawfinder,numpy,CWE-327
flawfinder,numpy,CWE-327
flawfinder,numpy,CWE-327
flawfinder,numpy,CWE-327
flawfinder,numpy,CWE-327
flawfinder,numpy,CWE-327
flawfinder,numpy,CWE-327
flawfinder,numpy,CWE-327
flawfinder,numpy,CWE-327
flawfinder,numpy,CWE-327
flawfinder,numpy,CWE-327
flawfinder,numpy,CWE-327
flawfinder,numpy,CWE-327
flawfinder,numpy,CWE-327
flawfinder,numpy,CWE-327
flawfinder,numpy,CWE-327
flawfinder,numpy,CWE-327
flawfinder,numpy,CWE-327
flawfinder,numpy,CWE-327
flawfinder,numpy,CWE-327
flawfinder,numpy,CWE-126
flawfinder,numpy,CWE-126
flawfinder,numpy,CWE-126
flawfinder,numpy,CWE-126
flawfinder,numpy,CWE-78
flawfinder,numpy,CWE-362
flawfinder,numpy,CWE-362
flawfinder,numpy,CWE-120
flawfinder,numpy,CWE-20
flawfinder,numpy,CWE-120
flawfinder,numpy,CWE-20
flawfinder,numpy,CWE-120
flawfinder,numpy,CWE-20
flawfinder,numpy,CWE-120
flawfinder,numpy,CWE-20
flawfinder,numpy,CWE-120
flawfinder,numpy,CWE-20
flawfinder,numpy,CWE-120
flawfinder,numpy,CWE-20
flawfinder,numpy,CWE-362
flawfinder,numpy,CWE-367
flawfinder,numpy,CWE-78
flawfinder,numpy,CWE-327
flawfinder,numpy,CWE-327
flawfinder,numpy,CWE-327
flawfinder,numpy,CWE-327
flawfinder,numpy,CWE-327
flawfinder,numpy,CWE-327
flawfinder,numpy,CWE-327
flawfinder,numpy,CWE-327
flawfinder,numpy,CWE-327
flawfinder,numpy,CWE-327
flawfinder,numpy,CWE-327
flawfinder,numpy,CWE-327
flawfinder,numpy,CWE-327
flawfinder,numpy,CWE-327
flawfinder,numpy,CWE-327
flawfinder,numpy,CWE-327
flawfinder,numpy,CWE-327
flawfinder,numpy,CWE-327
flawfinder,numpy,CWE-327
flawfinder,numpy,CWE-327
flawfinder,numpy,CWE-327
flawfinder,numpy,CWE-327
flawfinder,numpy,CWE-327
flawfinder,numpy,CWE-327
flawfinder,numpy,CWE-327
flawfinder,numpy,CWE-327
flawfinder,numpy,CWE-327
flawfinder,numpy,CWE-327
flawfinder,numpy,CWE-327
flawfinder,numpy,CWE-327
flawfinder,numpy,CWE-327
flawfinder,numpy,CWE-327
flawfinder,numpy,CWE-327
flawfinder,numpy,CWE-327
flawfinder,numpy,CWE-327
flawfinder,numpy,CWE-327
flawfinder,numpy,CWE-327
flawfinder,numpy,CWE-327
flawfinder,numpy,CWE-327
flawfinder,numpy,CWE-327
flawfinder,numpy,CWE-327
flawfinder,numpy,CWE-327
flawfinder,numpy,CWE-327
flawfinder,numpy,CWE-327
flawfinder,numpy,CWE-327
flawfinder,numpy,CWE-327
flawfinder,numpy,CWE-327
flawfinder,numpy,CWE-327
flawfinder,numpy,CWE-327
flawfinder,numpy,CWE-327
flawfinder,numpy,CWE-327
flawfinder,numpy,CWE-126
flawfinder,numpy,CWE-126
flawfinder,numpy,CWE-126
flawfinder,numpy,CWE-126
flawfinder,numpy,CWE-120
flawfinder,numpy,CWE-20
flawfinder,numpy,CWE-120
flawfinder,numpy,CWE-20
flawfinder,numpy,CWE-120
flawfinder,numpy,CWE-120
flawfinder,numpy,CWE-120
flawfinder,numpy,CWE-120
flawfinder,numpy,CWE-120
flawfinder,numpy,CWE-120
flawfinder,numpy,CWE-120
flawfinder,numpy,CWE-120
flawfinder,numpy,CWE-120
flawfinder,numpy,CWE-120
flawfinder,numpy,CWE-120
flawfinder,numpy,CWE-120
flawfinder,numpy,CWE-120
flawfinder,numpy,CWE-120
flawfinder,numpy,CWE-120
flawfinder,numpy,CWE-120
flawfinder,numpy,CWE-120
flawfinder,numpy,CWE-120
flawfinder,numpy,CWE-120
flawfinder,numpy,CWE-120
flawfinder,numpy,CWE-120
flawfinder,numpy,CWE-120
flawfinder,numpy,CWE-120
flawfinder,numpy,CWE-119
flawfinder,numpy,CWE-120
flawfinder,numpy,CWE-120
flawfinder,pandas,CWE-126
flawfinder,pandas,CWE-120
flawfinder,pandas,CWE-20
flawfinder,pandas,CWE-126
flawfinder,pandas,CWE-126
flawfinder,pandas,CWE-126
flawfinder,pandas,CWE-362
flawfinder,pandas,CWE-367
flawfinder,pandas,CWE-362
flawfinder,pandas,CWE-367
flawfinder,pandas,CWE-134
flawfinder,pandas,CWE-134
flawfinder,pandas,CWE-126
flawfinder,pandas,CWE-126
flawfinder,pandas,CWE-126
flawfinder,pandas,CWE-126
flawfinder,pandas,CWE-120
flawfinder,pandas,CWE-126
flawfinder,pandas,CWE-126
flawfinder,pandas,CWE-120
flawfinder,pandas,CWE-20
flawfinder,pandas,CWE-120
flawfinder,pandas,CWE-20
flawfinder,pandas,CWE-362
flawfinder,pandas,CWE-362
flawfinder,pandas,CWE-362
flawfinder,pandas,CWE-367
flawfinder,pandas,CWE-120
flawfinder,pandas,CWE-20
flawfinder,pandas,CWE-119
flawfinder,pandas,CWE-120
flawfinder,pandas,CWE-134
flawfinder,pandas,CWE-126
flawfinder,pandas,CWE-126
flawfinder,pandas,CWE-126
flawfinder,pandas,CWE-120
flawfinder,pandas,CWE-20
flawfinder,pandas,CWE-362
flawfinder,pandas,CWE-120
flawfinder,pandas,CWE-20
flawfinder,pandas,CWE-120
flawfinder,pandas,CWE-20
flawfinder,pandas,CWE-120
flawfinder,pandas,CWE-20
flawfinder,pandas,CWE-120
flawfinder,pandas,CWE-20
flawfinder,pandas,CWE-120
flawfinder,pandas,CWE-20
flawfinder,pandas,CWE-120
flawfinder,pandas,CWE-20
flawfinder,pandas,CWE-362
flawfinder,pandas,CWE-367
flawfinder,pandas,CWE-362
flawfinder,pandas,CWE-367
flawfinder,pandas,CWE-362
flawfinder,pandas,CWE-367
flawfinder,pandas,CWE-362
flawfinder,pandas,CWE-126
flawfinder,pandas,CWE-119
flawfinder,pandas,CWE-120
flawfinder,pandas,CWE-362
flawfinder,pandas,CWE-367
flawfinder,pandas,CWE-362
flawfinder,pandas,CWE-367
flawfinder,pandas,CWE-362
flawfinder,pandas,CWE-120
flawfinder,pandas,CWE-20
flawfinder,pandas,CWE-120
flawfinder,pandas,CWE-20
flawfinder,pandas,CWE-120
flawfinder,pandas,CWE-20
flawfinder,pandas,CWE-120
flawfinder,pandas,CWE-20
flawfinder,pandas,CWE-362
flawfinder,pandas,CWE-120
flawfinder,pandas,CWE-20
flawfinder,pandas,CWE-126
flawfinder,pandas,CWE-126
flawfinder,pandas,CWE-126
flawfinder,pandas,CWE-120
flawfinder,pandas,CWE-20
flawfinder,pandas,CWE-126
flawfinder,pandas,CWE-126
flawfinder,pandas,CWE-126
flawfinder,pandas,CWE-120
flawfinder,pandas,CWE-20
flawfinder,pandas,CWE-362
flawfinder,pandas,CWE-367
flawfinder,pandas,CWE-126
flawfinder,pandas,CWE-126
flawfinder,pandas,CWE-120
flawfinder,pandas,CWE-20
flawfinder,pandas,CWE-126
flawfinder,pandas,CWE-126
flawfinder,pandas,CWE-120
flawfinder,pandas,CWE-20
flawfinder,pandas,CWE-126
flawfinder,pandas,CWE-327
flawfinder,pandas,CWE-327
flawfinder,pandas,CWE-327
flawfinder,pandas,CWE-327
flawfinder,pandas,CWE-327
flawfinder,pandas,CWE-327
flawfinder,pandas,CWE-327
flawfinder,pandas,CWE-327
flawfinder,pandas,CWE-327
flawfinder,pandas,CWE-327
flawfinder,pandas,CWE-327
flawfinder,pandas,CWE-327
flawfinder,pandas,CWE-126
flawfinder,pandas,CWE-120
flawfinder,pandas,CWE-20
flawfinder,pandas,CWE-120
flawfinder,pandas,CWE-20
flawfinder,pandas,CWE-120
flawfinder,pandas,CWE-20
flawfinder,pandas,CWE-120
flawfinder,pandas,CWE-20
flawfinder,pandas,CWE-120
flawfinder,pandas,CWE-20
flawfinder,pandas,CWE-120
flawfinder,pandas,CWE-20
flawfinder,pandas,CWE-120
flawfinder,pandas,CWE-20
flawfinder,pandas,CWE-120
flawfinder,pandas,CWE-20
flawfinder,pandas,CWE-120
flawfinder,pandas,CWE-20
flawfinder,pandas,CWE-126
flawfinder,pandas,CWE-126
flawfinder,pandas,CWE-126
flawfinder,pandas,CWE-362
flawfinder,pandas,CWE-362
flawfinder,pandas,CWE-362
flawfinder,pandas,CWE-362
flawfinder,pandas,CWE-362
flawfinder,pandas,CWE-362
flawfinder,pandas,CWE-362
flawfinder,pandas,CWE-120
flawfinder,pandas,CWE-20
flawfinder,pandas,CWE-120
flawfinder,pandas,CWE-20
flawfinder,pandas,CWE-120
flawfinder,pandas,CWE-20
flawfinder,pandas,CWE-120
flawfinder,pandas,CWE-20
flawfinder,pandas,CWE-120
flawfinder,pandas,CWE-20
flawfinder,pandas,CWE-120
flawfinder,pandas,CWE-20
flawfinder,pandas,CWE-126
flawfinder,pandas,CWE-120
flawfinder,pandas,CWE-20
flawfinder,pandas,CWE-126
flawfinder,pandas,CWE-126
flawfinder,pandas,CWE-126
flawfinder,pytorch,CWE-807
flawfinder,pytorch,CWE-20
flawfinder,pytorch,CWE-362
flawfinder,pytorch,CWE-120
flawfinder,pytorch,CWE-20
flawfinder,pytorch,CWE-120
flawfinder,pytorch,CWE-20
flawfinder,pytorch,CWE-807
flawfinder,pytorch,CWE-20
flawfinder,pytorch,CWE-120
flawfinder,pytorch,CWE-134
flawfinder,pytorch,CWE-120
flawfinder,scipy,CWE-120
flawfinder,scipy,CWE-126
flawfinder,scipy,CWE-120
flawfinder,scipy,CWE-120
flawfinder,scipy,CWE-120
flawfinder,scipy,CWE-120
flawfinder,scipy,CWE-120
flawfinder,scipy,CWE-120
flawfinder,scipy,CWE-120
flawfinder,scipy,CWE-120
flawfinder,scipy,CWE-120
flawfinder,scipy,CWE-120
flawfinder,scipy,CWE-120
flawfinder,scipy,CWE-120
flawfinder,scipy,CWE-120
flawfinder,scipy,CWE-120
flawfinder,scipy,CWE-120
flawfinder,scipy,CWE-120
flawfinder,scipy,CWE-120
flawfinder,scipy,CWE-120
flawfinder,scipy,CWE-120
flawfinder,scipy,CWE-120
flawfinder,scipy,CWE-120
flawfinder,scipy,CWE-120
flawfinder,scipy,CWE-120
flawfinder,scipy,CWE-120
flawfinder,scipy,CWE-120
flawfinder,scipy,CWE-120
flawfinder,scipy,CWE-120
flawfinder,scipy,CWE-120
flawfinder,scipy,CWE-126
flawfinder,scipy,CWE-126
flawfinder,scipy,CWE-126
flawfinder,scipy,CWE-126
flawfinder,scipy,CWE-120
flawfinder,scipy,CWE-120
flawfinder,scipy,CWE-120
flawfinder,scipy,CWE-120
flawfinder,scipy,CWE-120
flawfinder,scipy,CWE-120
flawfinder,scipy,CWE-120
flawfinder,scipy,CWE-120
flawfinder,scipy,CWE-120
flawfinder,scipy,CWE-120
flawfinder,scipy,CWE-120
flawfinder,scipy,CWE-120
flawfinder,scipy,CWE-120
flawfinder,scipy,CWE-120
flawfinder,scipy,CWE-120
flawfinder,scipy,CWE-120
flawfinder,scipy,CWE-120
flawfinder,scipy,CWE-120
flawfinder,scipy,CWE-120
flawfinder,scipy,CWE-120
flawfinder,scipy,CWE-120
flawfinder,scipy,CWE-120
flawfinder,scipy,CWE-120
flawfinder,scipy,CWE-120
flawfinder,scipy,CWE-120
flawfinder,scipy,CWE-120
flawfinder,scipy,CWE-120
flawfinder,scipy,CWE-120
flawfinder,scipy,CWE-126
flawfinder,scipy,CWE-126
flawfinder,scipy,CWE-126
flawfinder,scipy,CWE-126
flawfinder,scipy,CWE-120
flawfinder,scipy,CWE-120
flawfinder,scipy,CWE-120
flawfinder,scipy,CWE-120
flawfinder,scipy,CWE-120
flawfinder,scipy,CWE-120
flawfinder,scipy,CWE-120
flawfinder,scipy,CWE-120
flawfinder,scipy,CWE-120
flawfinder,scipy,CWE-120
flawfinder,scipy,CWE-120
flawfinder,scipy,CWE-120
flawfinder,scipy,CWE-120
flawfinder,scipy,CWE-120
flawfinder,scipy,CWE-120
flawfinder,scipy,CWE-120
flawfinder,scipy,CWE-120
flawfinder,scipy,CWE-120
flawfinder,scipy,CWE-120
flawfinder,scipy,CWE-120
flawfinder,scipy,CWE-120
flawfinder,scipy,CWE-120
flawfinder,scipy,CWE-120
flawfinder,scipy,CWE-120
flawfinder,scipy,CWE-120
flawfinder,scipy,CWE-120
flawfinder,scipy,CWE-120
flawfinder,scipy,CWE-120
flawfinder,scipy,CWE-126
flawfinder,scipy,CWE-126
flawfinder,scipy,CWE-126
flawfinder,scipy,CWE-126
flawfinder,tensorflow,CWE-362
flawfinder,tensorflow,CWE-367
flawfinder,tensorflow,CWE-78
flawfinder,tensorflow,CWE-362
flawfinder,tensorflow,CWE-367
flawfinder,tensorflow,CWE-362
flawfinder,tensorflow,CWE-367
flawfinder,tensorflow,CWE-362
flawfinder,tensorflow,CWE-367
flawfinder,tensorflow,CWE-362
flawfinder,tensorflow,CWE-367
flawfinder,tensorflow,CWE-362
flawfinder,tensorflow,CWE-367
flawfinder,tensorflow,CWE-78
flawfinder,tensorflow,CWE-120
flawfinder,tensorflow,CWE-120
flawfinder,tensorflow,CWE-120
flawfinder,tensorflow,CWE-120
flawfinder,tensorflow,CWE-120
flawfinder,tensorflow,CWE-120
flawfinder,tensorflow,CWE-120
flawfinder,tensorflow,CWE-120
flawfinder,tensorflow,CWE-120
flawfinder,tensorflow,CWE-120
flawfinder,tensorflow,CWE-362
flawfinder,tensorflow,CWE-367
flawfinder,tensorflow,CWE-362
flawfinder,tensorflow,CWE-367
flawfinder,tensorflow,CWE-362
flawfinder,tensorflow,CWE-367
flawfinder,tensorflow,CWE-362
flawfinder,tensorflow,CWE-367
flawfinder,tensorflow,CWE-120
flawfinder,tensorflow,CWE-20
flawfinder,tensorflow,CWE-362
flawfinder,tensorflow,CWE-367
flawfinder,tensorflow,CWE-362
flawfinder,tensorflow,CWE-367
flawfinder,tensorflow,CWE-362
flawfinder,tensorflow,CWE-367
flawfinder,tensorflow,CWE-362
flawfinder,tensorflow,CWE-367
flawfinder,tensorflow,CWE-362
flawfinder,tensorflow,CWE-367
flawfinder,tensorflow,CWE-362
flawfinder,tensorflow,CWE-367
flawfinder,tensorflow,CWE-362
flawfinder,tensorflow,CWE-367
flawfinder,tensorflow,CWE-362
flawfinder,tensorflow,CWE-367
flawfinder,tensorflow,CWE-362
flawfinder,tensorflow,CWE-367
flawfinder,tensorflow,CWE-362
flawfinder,tensorflow,CWE-367
flawfinder,tensorflow,CWE-362
flawfinder,tensorflow,CWE-367
flawfinder,tensorflow,CWE-362
flawfinder,tensorflow,CWE-367
flawfinder,tensorflow,CWE-362
flawfinder,tensorflow,CWE-367
flawfinder,tensorflow,CWE-362
flawfinder,tensorflow,CWE-367
flawfinder,tensorflow,CWE-362
flawfinder,tensorflow,CWE-367
flawfinder,tensorflow,CWE-362
flawfinder,tensorflow,CWE-367
flawfinder,tensorflow,CWE-327
flawfinder,tensorflow,CWE-327
flawfinder,tensorflow,CWE-327
flawfinder,tensorflow,CWE-327
flawfinder,tensorflow,CWE-327
flawfinder,tensorflow,CWE-327
flawfinder,tensorflow,CWE-126
flawfinder,tensorflow,CWE-120
flawfinder,tensorflow,CWE-20
flawfinder,tensorflow,CWE-362
flawfinder,tensorflow,CWE-367
flawfinder,tensorflow,CWE-362
flawfinder,tensorflow,CWE-367
flawfinder,tensorflow,CWE-362
flawfinder,tensorflow,CWE-367
flawfinder,tensorflow,CWE-362
flawfinder,tensorflow,CWE-367
flawfinder,tensorflow,CWE-362
flawfinder,tensorflow,CWE-367
flawfinder,tensorflow,CWE-362
flawfinder,tensorflow,CWE-367
flawfinder,tensorflow,CWE-362
flawfinder,tensorflow,CWE-367
flawfinder,tensorflow,CWE-362
flawfinder,tensorflow,CWE-367
flawfinder,tensorflow,CWE-362
flawfinder,tensorflow,CWE-367
flawfinder,tensorflow,CWE-120
flawfinder,tensorflow,CWE-20
flawfinder,tensorflow,CWE-120
flawfinder,tensorflow,CWE-20
flawfinder,tensorflow,CWE-362
flawfinder,tensorflow,CWE-367
flawfinder,tensorflow,CWE-362
flawfinder,tensorflow,CWE-367
flawfinder,tensorflow,CWE-362
flawfinder,tensorflow,CWE-367
flawfinder,tensorflow,CWE-362
flawfinder,tensorflow,CWE-367
flawfinder,tensorflow,CWE-362
flawfinder,tensorflow,CWE-367
flawfinder,tensorflow,CWE-362
flawfinder,tensorflow,CWE-367
flawfinder,tensorflow,CWE-362
flawfinder,tensorflow,CWE-367
flawfinder,tensorflow,CWE-120
flawfinder,tensorflow,CWE-20
flawfinder,tensorflow,CWE-120
flawfinder,tensorflow,CWE-20
flawfinder,tensorflow,CWE-120
flawfinder,tensorflow,CWE-20
flawfinder,tensorflow,CWE-362
flawfinder,tensorflow,CWE-367
flawfinder,tensorflow,CWE-362
flawfinder,tensorflow,CWE-367
flawfinder,tensorflow,CWE-78
flawfinder,tensorflow,CWE-362
flawfinder,tensorflow,CWE-367
flawfinder,tensorflow,CWE-78
flawfinder,tensorflow,CWE-327
flawfinder,tensorflow,CWE-327
flawfinder,tensorflow,CWE-327
flawfinder,tensorflow,CWE-327
flawfinder,tensorflow,CWE-327
flawfinder,tensorflow,CWE-327
flawfinder,tensorflow,CWE-327
flawfinder,tensorflow,CWE-327
flawfinder,tensorflow,CWE-327
flawfinder,tensorflow,CWE-362
flawfinder,tensorflow,CWE-120
flawfinder,tensorflow,CWE-20
flawfinder,tensorflow,CWE-126
flawfinder,tensorflow,CWE-120
flawfinder,tensorflow,CWE-20
flawfinder,tensorflow,CWE-362
flawfinder,tensorflow,CWE-367
flawfinder,tensorflow,CWE-362
flawfinder,tensorflow,CWE-367
flawfinder,tensorflow,CWE-362
flawfinder,tensorflow,CWE-367
flawfinder,tensorflow,CWE-362
flawfinder,tensorflow,CWE-367
flawfinder,tensorflow,CWE-362
flawfinder,tensorflow,CWE-367
flawfinder,tensorflow,CWE-362
flawfinder,tensorflow,CWE-367
flawfinder,tensorflow,CWE-362
flawfinder,tensorflow,CWE-367
flawfinder,tensorflow,CWE-362
flawfinder,tensorflow,CWE-367
flawfinder,tensorflow,CWE-362
flawfinder,tensorflow,CWE-367
flawfinder,tensorflow,CWE-362
flawfinder,tensorflow,CWE-367
flawfinder,tensorflow,CWE-362
flawfinder,tensorflow,CWE-367
flawfinder,tensorflow,CWE-362
flawfinder,tensorflow,CWE-367
flawfinder,tensorflow,CWE-362
flawfinder,tensorflow,CWE-367
flawfinder,tensorflow,CWE-362
flawfinder,tensorflow,CWE-367
flawfinder,tensorflow,CWE-362
flawfinder,tensorflow,CWE-367
flawfinder,tensorflow,CWE-362
flawfinder,tensorflow,CWE-367
flawfinder,tensorflow,CWE-327
flawfinder,tensorflow,CWE-327
flawfinder,tensorflow,CWE-327
flawfinder,tensorflow,CWE-327
flawfinder,tensorflow,CWE-327
flawfinder,tensorflow,CWE-327
flawfinder,tensorflow,CWE-126
flawfinder,tensorflow,CWE-120
flawfinder,tensorflow,CWE-20
flawfinder,tensorflow,CWE-362
flawfinder,tensorflow,CWE-367
flawfinder,tensorflow,CWE-362
flawfinder,tensorflow,CWE-367
flawfinder,tensorflow,CWE-362
flawfinder,tensorflow,CWE-367
flawfinder,tensorflow,CWE-362
flawfinder,tensorflow,CWE-367
flawfinder,tensorflow,CWE-362
flawfinder,tensorflow,CWE-367
flawfinder,tensorflow,CWE-362
flawfinder,tensorflow,CWE-367
flawfinder,tensorflow,CWE-362
flawfinder,tensorflow,CWE-367
flawfinder,tensorflow,CWE-362
flawfinder,tensorflow,CWE-367
flawfinder,tensorflow,CWE-362
flawfinder,tensorflow,CWE-367
flawfinder,tensorflow,CWE-120
flawfinder,tensorflow,CWE-20
flawfinder,tensorflow,CWE-120
flawfinder,tensorflow,CWE-20
flawfinder,tensorflow,CWE-362
flawfinder,tensorflow,CWE-367
flawfinder,tensorflow,CWE-362
flawfinder,tensorflow,CWE-367
flawfinder,tensorflow,CWE-362
flawfinder,tensorflow,CWE-367
flawfinder,tensorflow,CWE-362
flawfinder,tensorflow,CWE-367
flawfinder,tensorflow,CWE-362
flawfinder,tensorflow,CWE-367
flawfinder,tensorflow,CWE-362
flawfinder,tensorflow,CWE-367
flawfinder,tensorflow,CWE-362
flawfinder,tensorflow,CWE-367
flawfinder,tensorflow,CWE-120
flawfinder,tensorflow,CWE-20
flawfinder,tensorflow,CWE-120
flawfinder,tensorflow,CWE-20
flawfinder,tensorflow,CWE-120
flawfinder,tensorflow,CWE-20
flawfinder,tensorflow,CWE-362
flawfinder,tensorflow,CWE-367
flawfinder,tensorflow,CWE-120
flawfinder,tensorflow,CWE-120
flawfinder,tensorflow,CWE-120
flawfinder,tensorflow,CWE-120
flawfinder,tensorflow,CWE-120
flawfinder,tensorflow,CWE-120
flawfinder,tensorflow,CWE-120
flawfinder,tensorflow,CWE-120
flawfinder,tensorflow,CWE-120
flawfinder,tensorflow,CWE-120
flawfinder,tensorflow,CWE-120
flawfinder,tensorflow,CWE-120
flawfinder,tensorflow,CWE-120
flawfinder,tensorflow,CWE-120
flawfinder,tensorflow,CWE-120
flawfinder,tensorflow,CWE-120
flawfinder,tensorflow,CWE-120
flawfinder,tensorflow,CWE-120
flawfinder,tensorflow,CWE-120
flawfinder,tensorflow,CWE-120
flawfinder,tensorflow,CWE-120
flawfinder,tensorflow,CWE-120
flawfinder,tensorflow,CWE-120
flawfinder,tensorflow,CWE-120
flawfinder,tensorflow,CWE-120
flawfinder,tensorflow,CWE-120
flawfinder,tensorflow,CWE-120
flawfinder,tensorflow,CWE-120
flawfinder,tensorflow,CWE-120
flawfinder,tensorflow,CWE-120
flawfinder,tensorflow,CWE-120
flawfinder,tensorflow,CWE-120
flawfinder,tensorflow,CWE-120
flawfinder,tensorflow,CWE-120
flawfinder,tensorflow,CWE-120
flawfinder,tensorflow,CWE-120
flawfinder,tensorflow,CWE-120
flawfinder,tensorflow,CWE-120
flawfinder,tensorflow,CWE-120
flawfinder,tensorflow,CWE-120
flawfinder,tensorflow,CWE-120
flawfinder,tensorflow,CWE-120
flawfinder,tensorflow,CWE-120
flawfinder,tensorflow,CWE-120
flawfinder,tensorflow,CWE-120
flawfinder,tensorflow,CWE-120
flawfinder,tensorflow,CWE-120
flawfinder,tensorflow,CWE-120
flawfinder,tensorflow,CWE-120
flawfinder,tensorflow,CWE-120
flawfinder,tensorflow,CWE-120
flawfinder,tensorflow,CWE-120
flawfinder,tensorflow,CWE-120
flawfinder,tensorflow,CWE-120
flawfinder,tensorflow,CWE-120
flawfinder,tensorflow,CWE-120
flawfinder,tensorflow,CWE-120
flawfinder,tensorflow,CWE-120
flawfinder,tensorflow,CWE-120
flawfinder,tensorflow,CWE-120
flawfinder,tensorflow,CWE-120
flawfinder,tensorflow,CWE-120
flawfinder,tensorflow,CWE-120
flawfinder,tensorflow,CWE-120
flawfinder,tensorflow,CWE-120
flawfinder,tensorflow,CWE-120
flawfinder,tensorflow,CWE-120
flawfinder,tensorflow,CWE-120
flawfinder,tensorflow,CWE-120
flawfinder,tensorflow,CWE-120
flawfinder,tensorflow,CWE-120
flawfinder,tensorflow,CWE-120
flawfinder,tensorflow,CWE-120
flawfinder,tensorflow,CWE-120
flawfinder,tensorflow,CWE-120
flawfinder,tensorflow,CWE-120
flawfinder,tensorflow,CWE-120
flawfinder,tensorflow,CWE-120
flawfinder,tensorflow,CWE-120
flawfinder,tensorflow,CWE-120
flawfinder,tensorflow,CWE-120
flawfinder,tensorflow,CWE-120
flawfinder,tensorflow,CWE-120
flawfinder,tensorflow,CWE-120
flawfinder,tensorflow,CWE-120
flawfinder,tensorflow,CWE-120
flawfinder,tensorflow,CWE-120
flawfinder,tensorflow,CWE-120
flawfinder,tensorflow,CWE-120
flawfinder,tensorflow,CWE-120
flawfinder,tensorflow,CWE-120
flawfinder,tensorflow,CWE-120
flawfinder,tensorflow,CWE-120
flawfinder,tensorflow,CWE-126
flawfinder,tensorflow,CWE-120
flawfinder,tensorflow,CWE-120
flawfinder,tensorflow,CWE-120
flawfinder,tensorflow,CWE-120
flawfinder,tensorflow,CWE-120
flawfinder,tensorflow,CWE-120
flawfinder,tensorflow,CWE-120
flawfinder,tensorflow,CWE-120
flawfinder,tensorflow,CWE-120
flawfinder,tensorflow,CWE-120
flawfinder,tensorflow,CWE-120
flawfinder,tensorflow,CWE-120
flawfinder,tensorflow,CWE-120
flawfinder,tensorflow,CWE-120
flawfinder,tensorflow,CWE-120
flawfinder,tensorflow,CWE-120
flawfinder,tensorflow,CWE-120
flawfinder,tensorflow,CWE-120
flawfinder,tensorflow,CWE-120
flawfinder,tensorflow,CWE-120
flawfinder,tensorflow,CWE-120
flawfinder,tensorflow,CWE-120
flawfinder,tensorflow,CWE-120
flawfinder,tensorflow,CWE-120
flawfinder,tensorflow,CWE-120
flawfinder,tensorflow,CWE-120
flawfinder,tensorflow,CWE-120
flawfinder,tensorflow,CWE-120
flawfinder,tensorflow,CWE-120
flawfinder,tensorflow,CWE-120
flawfinder,tensorflow,CWE-120
flawfinder,tensorflow,CWE-120
flawfinder,tensorflow,CWE-120
flawfinder,tensorflow,CWE-120
flawfinder,tensorflow,CWE-120
flawfinder,tensorflow,CWE-120
flawfinder,tensorflow,CWE-120
flawfinder,tensorflow,CWE-120
flawfinder,tensorflow,CWE-120
flawfinder,tensorflow,CWE-120
flawfinder,tensorflow,CWE-120
flawfinder,tensorflow,CWE-120
flawfinder,tensorflow,CWE-120
flawfinder,tensorflow,CWE-120
flawfinder,tensorflow,CWE-120
flawfinder,tensorflow,CWE-120
flawfinder,tensorflow,CWE-120
flawfinder,tensorflow,CWE-120
flawfinder,tensorflow,CWE-120
flawfinder,tensorflow,CWE-120
flawfinder,tensorflow,CWE-120
flawfinder,tensorflow,CWE-120
flawfinder,tensorflow,CWE-120
flawfinder,tensorflow,CWE-120
flawfinder,tensorflow,CWE-120
flawfinder,tensorflow,CWE-120
flawfinder,tensorflow,CWE-120
flawfinder,tensorflow,CWE-120
flawfinder,tensorflow,CWE-120
flawfinder,tensorflow,CWE-120
flawfinder,tensorflow,CWE-120
flawfinder,tensorflow,CWE-120
flawfinder,tensorflow,CWE-120
flawfinder,tensorflow,CWE-120
flawfinder,tensorflow,CWE-120
flawfinder,tensorflow,CWE-120
flawfinder,tensorflow,CWE-120
flawfinder,tensorflow,CWE-120
flawfinder,tensorflow,CWE-120
flawfinder,tensorflow,CWE-120
flawfinder,tensorflow,CWE-120
flawfinder,tensorflow,CWE-120
flawfinder,tensorflow,CWE-120
flawfinder,tensorflow,CWE-120
flawfinder,tensorflow,CWE-120
flawfinder,tensorflow,CWE-120
flawfinder,tensorflow,CWE-120
flawfinder,tensorflow,CWE-120
flawfinder,tensorflow,CWE-120
flawfinder,tensorflow,CWE-120
flawfinder,tensorflow,CWE-120
flawfinder,tensorflow,CWE-120
flawfinder,tensorflow,CWE-120
flawfinder,tensorflow,CWE-120
flawfinder,tensorflow,CWE-120
flawfinder,tensorflow,CWE-120
flawfinder,tensorflow,CWE-120
flawfinder,tensorflow,CWE-120
flawfinder,tensorflow,CWE-120
flawfinder,tensorflow,CWE-120
flawfinder,tensorflow,CWE-120
flawfinder,tensorflow,CWE-120
flawfinder,tensorflow,CWE-120
flawfinder,tensorflow,CWE-120
flawfinder,tensorflow,CWE-120
flawfinder,tensorflow,CWE-120
flawfinder,tensorflow,CWE-120
flawfinder,tensorflow,CWE-120
flawfinder,tensorflow,CWE-120
flawfinder,tensorflow,CWE-120
flawfinder,tensorflow,CWE-120
flawfinder,tensorflow,CWE-120
flawfinder,tensorflow,CWE-120
flawfinder,tensorflow,CWE-120
flawfinder,tensorflow,CWE-327
flawfinder,tensorflow,CWE-126
flawfinder,tensorflow,CWE-126
flawfinder,tensorflow,CWE-126
flawfinder,tensorflow,CWE-120
flawfinder,tensorflow,CWE-120
flawfinder,tensorflow,CWE-120
flawfinder,tensorflow,CWE-120
flawfinder,tensorflow,CWE-120
flawfinder,tensorflow,CWE-120
flawfinder,tensorflow,CWE-120
flawfinder,tensorflow,CWE-120
flawfinder,tensorflow,CWE-120
flawfinder,tensorflow,CWE-120
flawfinder,tensorflow,CWE-120
flawfinder,tensorflow,CWE-120
flawfinder,tensorflow,CWE-120
flawfinder,tensorflow,CWE-120
flawfinder,tensorflow,CWE-126
flawfinder,tensorflow,CWE-126
flawfinder,tensorflow,CWE-362
flawfinder,tensorflow,CWE-367
flawfinder,tensorflow,CWE-362
flawfinder,tensorflow,CWE-367
flawfinder,tensorflow,CWE-362
flawfinder,tensorflow,CWE-367
flawfinder,tensorflow,CWE-362
flawfinder,tensorflow,CWE-367
flawfinder,tensorflow,CWE-362
flawfinder,tensorflow,CWE-367
flawfinder,tensorflow,CWE-362
flawfinder,tensorflow,CWE-367
flawfinder,tensorflow,CWE-362
flawfinder,tensorflow,CWE-367
flawfinder,tensorflow,CWE-362
flawfinder,tensorflow,CWE-367
flawfinder,tensorflow,CWE-362
flawfinder,tensorflow,CWE-367
flawfinder,tensorflow,CWE-362
flawfinder,tensorflow,CWE-367
flawfinder,tensorflow,CWE-362
flawfinder,tensorflow,CWE-367
flawfinder,tensorflow,CWE-362
flawfinder,tensorflow,CWE-367
flawfinder,tensorflow,CWE-362
flawfinder,tensorflow,CWE-367
flawfinder,tensorflow,CWE-362
flawfinder,tensorflow,CWE-367
flawfinder,tensorflow,CWE-362
flawfinder,tensorflow,CWE-367
flawfinder,tensorflow,CWE-362
flawfinder,tensorflow,CWE-367
flawfinder,tensorflow,CWE-362
flawfinder,tensorflow,CWE-367
flawfinder,tensorflow,CWE-362
flawfinder,tensorflow,CWE-367
flawfinder,tensorflow,CWE-362
flawfinder,tensorflow,CWE-367
flawfinder,tensorflow,CWE-126
flawfinder,tensorflow,CWE-120
flawfinder,tensorflow,CWE-120
flawfinder,tensorflow,CWE-120
flawfinder,tensorflow,CWE-120
flawfinder,tensorflow,CWE-120
flawfinder,tensorflow,CWE-120
flawfinder,tensorflow,CWE-120
flawfinder,tensorflow,CWE-126
flawfinder,tensorflow,CWE-126
flawfinder,tensorflow,CWE-126
flawfinder,tensorflow,CWE-126
flawfinder,tensorflow,CWE-126
flawfinder,tensorflow,CWE-807
flawfinder,tensorflow,CWE-20
flawfinder,tensorflow,CWE-807
flawfinder,tensorflow,CWE-20
flawfinder,tensorflow,CWE-807
flawfinder,tensorflow,CWE-20
flawfinder,tensorflow,CWE-120
flawfinder,tensorflow,CWE-120
flawfinder,tensorflow,CWE-120
flawfinder,tensorflow,CWE-120
flawfinder,tensorflow,CWE-120
flawfinder,tensorflow,CWE-120
flawfinder,tensorflow,CWE-120
flawfinder,tensorflow,CWE-120
flawfinder,tensorflow,CWE-120
flawfinder,tensorflow,CWE-120
flawfinder,tensorflow,CWE-120
flawfinder,tensorflow,CWE-120
flawfinder,tensorflow,CWE-120
flawfinder,tensorflow,CWE-120
flawfinder,tensorflow,CWE-120
flawfinder,tensorflow,CWE-120
flawfinder,tensorflow,CWE-120
flawfinder,tensorflow,CWE-78
flawfinder,tensorflow,CWE-78
flawfinder,tensorflow,CWE-78
flawfinder,tensorflow,CWE-78
flawfinder,tensorflow,CWE-126
flawfinder,tensorflow,CWE-362
flawfinder,tensorflow,CWE-367
flawfinder,tensorflow,CWE-362
flawfinder,tensorflow,CWE-367
flawfinder,tensorflow,CWE-126
flawfinder,tensorflow,CWE-126
flawfinder,tensorflow,CWE-126
flawfinder,tensorflow,CWE-126
flawfinder,tensorflow,CWE-126
flawfinder,tensorflow,CWE-126
flawfinder,tensorflow,CWE-126
flawfinder,tensorflow,CWE-126
flawfinder,tensorflow,CWE-126
flawfinder,tensorflow,CWE-126
flawfinder,tensorflow,CWE-126
flawfinder,tensorflow,CWE-126
flawfinder,tensorflow,CWE-126
flawfinder,tensorflow,CWE-126
flawfinder,tensorflow,CWE-126
flawfinder,tensorflow,CWE-126
flawfinder,tensorflow,CWE-126
flawfinder,tensorflow,CWE-120
flawfinder,tensorflow,CWE-327
flawfinder,tensorflow,CWE-327
flawfinder,tensorflow,CWE-327
flawfinder,tensorflow,CWE-327
flawfinder,tensorflow,CWE-327
flawfinder,tensorflow,CWE-327
flawfinder,tensorflow,CWE-327
flawfinder,tensorflow,CWE-327
flawfinder,tensorflow,CWE-327
flawfinder,tensorflow,CWE-327
flawfinder,tensorflow,CWE-327
flawfinder,tensorflow,CWE-327
flawfinder,tensorflow,CWE-327
flawfinder,tensorflow,CWE-327
flawfinder,tensorflow,CWE-327
flawfinder,tensorflow,CWE-327
flawfinder,tensorflow,CWE-327
flawfinder,tensorflow,CWE-327
flawfinder,tensorflow,CWE-327
flawfinder,tensorflow,CWE-327
flawfinder,tensorflow,CWE-327
flawfinder,tensorflow,CWE-327
flawfinder,tensorflow,CWE-327
flawfinder,tensorflow,CWE-327
flawfinder,tensorflow,CWE-327
flawfinder,tensorflow,CWE-327
flawfinder,tensorflow,CWE-327
flawfinder,tensorflow,CWE-327
flawfinder,tensorflow,CWE-327
flawfinder,tensorflow,CWE-327
flawfinder,tensorflow,CWE-327
flawfinder,tensorflow,CWE-327
flawfinder,tensorflow,CWE-327
flawfinder,tensorflow,CWE-327
flawfinder,tensorflow,CWE-327
flawfinder,tensorflow,CWE-327
flawfinder,tensorflow,CWE-327
flawfinder,tensorflow,CWE-327
flawfinder,tensorflow,CWE-327
flawfinder,tensorflow,CWE-327
flawfinder,tensorflow,CWE-327
flawfinder,tensorflow,CWE-327
flawfinder,tensorflow,CWE-327
flawfinder,tensorflow,CWE-327
flawfinder,tensorflow,CWE-327
flawfinder,tensorflow,CWE-327
flawfinder,tensorflow,CWE-327
flawfinder,tensorflow,CWE-327
flawfinder,tensorflow,CWE-327
flawfinder,tensorflow,CWE-327
flawfinder,tensorflow,CWE-327
flawfinder,tensorflow,CWE-327
flawfinder,tensorflow,CWE-327
flawfinder,tensorflow,CWE-327
flawfinder,tensorflow,CWE-327
flawfinder,tensorflow,CWE-327
flawfinder,tensorflow,CWE-327
flawfinder,tensorflow,CWE-327
flawfinder,tensorflow,CWE-327
flawfinder,tensorflow,CWE-327
flawfinder,tensorflow,CWE-327
flawfinder,tensorflow,CWE-327
flawfinder,tensorflow,CWE-327
flawfinder,tensorflow,CWE-327
flawfinder,tensorflow,CWE-327
flawfinder,tensorflow,CWE-327
flawfinder,tensorflow,CWE-327
flawfinder,tensorflow,CWE-327
flawfinder,tensorflow,CWE-327
flawfinder,tensorflow,CWE-327
flawfinder,tensorflow,CWE-327
flawfinder,tensorflow,CWE-327
flawfinder,tensorflow,CWE-327
flawfinder,tensorflow,CWE-327
flawfinder,tensorflow,CWE-327
flawfinder,tensorflow,CWE-327
flawfinder,tensorflow,CWE-327
flawfinder,tensorflow,CWE-327
flawfinder,tensorflow,CWE-327
flawfinder,tensorflow,CWE-327
flawfinder,tensorflow,CWE-327
flawfinder,tensorflow,CWE-327
flawfinder,tensorflow,CWE-327
flawfinder,tensorflow,CWE-327
flawfinder,tensorflow,CWE-327
flawfinder,tensorflow,CWE-327
flawfinder,tensorflow,CWE-120
flawfinder,tensorflow,CWE-20
flawfinder,tensorflow,CWE-120
flawfinder,tensorflow,CWE-20
flawfinder,tensorflow,CWE-120
flawfinder,tensorflow,CWE-20
flawfinder,tensorflow,CWE-120
flawfinder,tensorflow,CWE-20
flawfinder,tensorflow,CWE-120
flawfinder,tensorflow,CWE-20
flawfinder,tensorflow,CWE-120
flawfinder,tensorflow,CWE-20
flawfinder,tensorflow,CWE-120
flawfinder,tensorflow,CWE-20
flawfinder,tensorflow,CWE-120
flawfinder,tensorflow,CWE-20
flawfinder,tensorflow,CWE-120
flawfinder,tensorflow,CWE-20
flawfinder,tensorflow,CWE-120
flawfinder,tensorflow,CWE-20
flawfinder,tensorflow,CWE-120
flawfinder,tensorflow,CWE-120
flawfinder,tensorflow,CWE-120
flawfinder,tensorflow,CWE-20
flawfinder,tensorflow,CWE-78
flawfinder,tensorflow,CWE-120
flawfinder,tensorflow,CWE-120
flawfinder,tensorflow,CWE-120
flawfinder,tensorflow,CWE-120
flawfinder,tensorflow,CWE-120
flawfinder,tensorflow,CWE-120
flawfinder,tensorflow,CWE-120
flawfinder,tensorflow,CWE-120
flawfinder,tensorflow,CWE-120
flawfinder,tensorflow,CWE-120
flawfinder,tensorflow,CWE-120
flawfinder,tensorflow,CWE-120
flawfinder,tensorflow,CWE-120
flawfinder,tensorflow,CWE-120
flawfinder,tensorflow,CWE-120
flawfinder,tensorflow,CWE-120
flawfinder,tensorflow,CWE-120
flawfinder,tensorflow,CWE-120
flawfinder,tensorflow,CWE-120
flawfinder,tensorflow,CWE-120
flawfinder,tensorflow,CWE-120
flawfinder,tensorflow,CWE-120
flawfinder,tensorflow,CWE-120
flawfinder,tensorflow,CWE-362
flawfinder,tensorflow,CWE-362
flawfinder,tensorflow,CWE-120
flawfinder,tensorflow,CWE-20
flawfinder,tensorflow,CWE-120
flawfinder,tensorflow,CWE-120
flawfinder,tensorflow,CWE-120
flawfinder,tensorflow,CWE-120
flawfinder,tensorflow,CWE-120
flawfinder,tensorflow,CWE-120
flawfinder,tensorflow,CWE-120
flawfinder,tensorflow,CWE-120
flawfinder,tensorflow,CWE-120
flawfinder,tensorflow,CWE-120
flawfinder,tensorflow,CWE-120
flawfinder,tensorflow,CWE-120
flawfinder,tensorflow,CWE-120
flawfinder,tensorflow,CWE-120
flawfinder,tensorflow,CWE-120
flawfinder,tensorflow,CWE-120
flawfinder,tensorflow,CWE-120
flawfinder,tensorflow,CWE-120
flawfinder,tensorflow,CWE-120
flawfinder,tensorflow,CWE-120
flawfinder,tensorflow,CWE-120
flawfinder,tensorflow,CWE-120
flawfinder,tensorflow,CWE-120
flawfinder,tensorflow,CWE-120
flawfinder,tensorflow,CWE-120
flawfinder,tensorflow,CWE-120
flawfinder,tensorflow,CWE-120
flawfinder,tensorflow,CWE-120
flawfinder,tensorflow,CWE-120
flawfinder,tensorflow,CWE-120
flawfinder,tensorflow,CWE-120
flawfinder,tensorflow,CWE-120
flawfinder,tensorflow,CWE-120
flawfinder,tensorflow,CWE-120
flawfinder,tensorflow,CWE-120
flawfinder,tensorflow,CWE-120
flawfinder,tensorflow,CWE-120
flawfinder,tensorflow,CWE-120
flawfinder,tensorflow,CWE-120
flawfinder,tensorflow,CWE-120
flawfinder,tensorflow,CWE-120
flawfinder,tensorflow,CWE-120
flawfinder,tensorflow,CWE-327
flawfinder,tensorflow,CWE-120
flawfinder,tensorflow,CWE-120
flawfinder,tensorflow,CWE-120
flawfinder,tensorflow,CWE-120
flawfinder,tensorflow,CWE-120
flawfinder,tensorflow,CWE-120
flawfinder,tensorflow,CWE-120
flawfinder,tensorflow,CWE-120
flawfinder,tensorflow,CWE-120
flawfinder,tensorflow,CWE-120
flawfinder,tensorflow,CWE-120
flawfinder,tensorflow,CWE-120
flawfinder,tensorflow,CWE-327
flawfinder,tensorflow,CWE-327
flawfinder,tensorflow,CWE-327
flawfinder,tensorflow,CWE-327
flawfinder,tensorflow,CWE-362
flawfinder,tensorflow,CWE-367
flawfinder,tensorflow,CWE-362
flawfinder,tensorflow,CWE-367
flawfinder,tensorflow,CWE-120
flawfinder,tensorflow,CWE-20
flawfinder,tensorflow,CWE-120
flawfinder,tensorflow,CWE-120
flawfinder,tensorflow,CWE-362
flawfinder,tensorflow,CWE-120
flawfinder,tensorflow,CWE-20
flawfinder,tensorflow,CWE-78
flawfinder,tensorflow,CWE-78
flawfinder,tensorflow,CWE-134
flawfinder,tensorflow,CWE-134
flawfinder,tensorflow,CWE-134
flawfinder,tensorflow,CWE-120
flawfinder,tensorflow,CWE-785
flawfinder,tensorflow,CWE-120
flawfinder,tensorflow,CWE-20
flawfinder,tensorflow,CWE-120
flawfinder,tensorflow,CWE-120
flawfinder,tensorflow,CWE-120
flawfinder,tensorflow,CWE-126
flawfinder,tensorflow,CWE-120
flawfinder,tensorflow,CWE-120
flawfinder,tensorflow,CWE-120
flawfinder,tensorflow,CWE-120
flawfinder,tensorflow,CWE-120
flawfinder,tensorflow,CWE-120
flawfinder,tensorflow,CWE-120
flawfinder,tensorflow,CWE-120
flawfinder,tensorflow,CWE-120
flawfinder,tensorflow,CWE-120
flawfinder,tensorflow,CWE-120
flawfinder,tensorflow,CWE-120
flawfinder,tensorflow,CWE-120
flawfinder,tensorflow,CWE-120
flawfinder,tensorflow,CWE-120
flawfinder,tensorflow,CWE-120
flawfinder,tensorflow,CWE-120
flawfinder,tensorflow,CWE-120
flawfinder,tensorflow,CWE-120
flawfinder,tensorflow,CWE-120
flawfinder,tensorflow,CWE-120
flawfinder,tensorflow,CWE-120
flawfinder,tensorflow,CWE-120
flawfinder,tensorflow,CWE-120
flawfinder,tensorflow,CWE-120
flawfinder,tensorflow,CWE-120
flawfinder,tensorflow,CWE-120
flawfinder,tensorflow,CWE-120
flawfinder,tensorflow,CWE-120
flawfinder,tensorflow,CWE-120
flawfinder,tensorflow,CWE-120
flawfinder,tensorflow,CWE-120
flawfinder,tensorflow,CWE-120
flawfinder,tensorflow,CWE-120
flawfinder,tensorflow,CWE-120
flawfinder,tensorflow,CWE-120
flawfinder,tensorflow,CWE-120
flawfinder,tensorflow,CWE-120
flawfinder,tensorflow,CWE-120
flawfinder,tensorflow,CWE-120
flawfinder,tensorflow,CWE-120
flawfinder,tensorflow,CWE-120
flawfinder,tensorflow,CWE-120
flawfinder,tensorflow,CWE-120
flawfinder,tensorflow,CWE-120
flawfinder,tensorflow,CWE-120
flawfinder,tensorflow,CWE-120
flawfinder,tensorflow,CWE-120
flawfinder,tensorflow,CWE-120
flawfinder,tensorflow,CWE-120
flawfinder,tensorflow,CWE-120
flawfinder,tensorflow,CWE-120
flawfinder,tensorflow,CWE-120
flawfinder,tensorflow,CWE-120
flawfinder,tensorflow,CWE-120
flawfinder,tensorflow,CWE-120
flawfinder,tensorflow,CWE-120
flawfinder,tensorflow,CWE-120
flawfinder,tensorflow,CWE-120
flawfinder,tensorflow,CWE-120
flawfinder,tensorflow,CWE-120
flawfinder,tensorflow,CWE-120
flawfinder,tensorflow,CWE-120
flawfinder,tensorflow,CWE-120
flawfinder,tensorflow,CWE-120
flawfinder,tensorflow,CWE-120
flawfinder,tensorflow,CWE-120
flawfinder,tensorflow,CWE-120
flawfinder,tensorflow,CWE-120
flawfinder,tensorflow,CWE-120
flawfinder,tensorflow,CWE-120
flawfinder,tensorflow,CWE-120
flawfinder,tensorflow,CWE-120
flawfinder,tensorflow,CWE-120
flawfinder,tensorflow,CWE-120
flawfinder,tensorflow,CWE-120
flawfinder,tensorflow,CWE-120
flawfinder,tensorflow,CWE-120
flawfinder,tensorflow,CWE-120
flawfinder,tensorflow,CWE-120
flawfinder,tensorflow,CWE-120
flawfinder,tensorflow,CWE-120
flawfinder,tensorflow,CWE-120
flawfinder,tensorflow,CWE-120
flawfinder,tensorflow,CWE-120
flawfinder,tensorflow,CWE-120
flawfinder,tensorflow,CWE-120
flawfinder,tensorflow,CWE-120
flawfinder,tensorflow,CWE-120
flawfinder,tensorflow,CWE-327
flawfinder,tensorflow,CWE-120
flawfinder,tensorflow,CWE-120
flawfinder,tensorflow,CWE-120
flawfinder,tensorflow,CWE-120
flawfinder,tensorflow,CWE-120
flawfinder,tensorflow,CWE-120
flawfinder,tensorflow,CWE-120
flawfinder,tensorflow,CWE-120
flawfinder,tensorflow,CWE-120
flawfinder,tensorflow,CWE-120
flawfinder,tensorflow,CWE-120
flawfinder,tensorflow,CWE-120
flawfinder,tensorflow,CWE-120
flawfinder,tensorflow,CWE-120
flawfinder,tensorflow,CWE-120
flawfinder,tensorflow,CWE-120
flawfinder,tensorflow,CWE-120
flawfinder,tensorflow,CWE-120
flawfinder,tensorflow,CWE-120
flawfinder,tensorflow,CWE-20
flawfinder,tensorflow,CWE-120
flawfinder,tensorflow,CWE-20
flawfinder,tensorflow,CWE-676
flawfinder,tensorflow,CWE-120
flawfinder,tensorflow,CWE-20
flawfinder,tensorflow,CWE-362
flawfinder,tensorflow,CWE-367
flawfinder,tensorflow,CWE-78
flawfinder,tensorflow,CWE-126
flawfinder,tensorflow,CWE-120
flawfinder,tensorflow,CWE-120
flawfinder,tensorflow,CWE-120
flawfinder,tensorflow,CWE-120
flawfinder,tensorflow,CWE-120
flawfinder,tensorflow,CWE-120
flawfinder,tensorflow,CWE-126
rats,mlpack,fixed size global buffer
rats,mlpack,fixed size global buffer
rats,numpy,buffer overflow
rats,numpy,fixed size global buffer
rats,numpy,strlen
rats,numpy,memcpy
rats,numpy,buffer overflow
rats,numpy,fixed size global buffer
rats,numpy,strlen
rats,numpy,memcpy
rats,numpy,buffer overflow
rats,numpy,fixed size global buffer
rats,numpy,strlen
rats,numpy,memcpy
rats,numpy,fixed size global buffer
rats,numpy,memcpy
rats,numpy,buffer overflow
rats,numpy,fixed size global buffer
rats,numpy,strlen
rats,numpy,memcpy
rats,numpy,memcpy
rats,numpy,memcpy
rats,numpy,fixed size global buffer
rats,numpy,memcpy
rats,numpy,fixed size global buffer
rats,numpy,strlen
rats,numpy,fixed size global buffer
rats,numpy,memcpy
rats,numpy,strlen
rats,numpy,buffer overflow
rats,numpy,fixed size global buffer
rats,numpy,strlen
rats,numpy,memcpy
rats,numpy,fixed size global buffer
rats,numpy,strlen
rats,numpy,strlen
rats,numpy,memcpy
rats,numpy,memcpy
rats,numpy,fgetc
rats,numpy,strlen
rats,numpy,memcpy
rats,numpy,printf
rats,numpy,memcpy
rats,numpy,memcpy
rats,numpy,fixed size global buffer
rats,numpy,fgetc
rats,numpy,strlen
rats,numpy,memcpy
rats,numpy,strlen
rats,numpy,memcpy
rats,numpy,fixed size global buffer
rats,numpy,fgetc
rats,numpy,strlen
rats,numpy,memcpy
rats,numpy,fixed size local buffer
rats,numpy,fprintf
rats,numpy,printf
rats,numpy,fixed size global buffer
rats,numpy,sprintf
rats,numpy,sprintf
rats,numpy,memcpy
rats,numpy,strlen
rats,numpy,snprintf
rats,numpy,fixed size global buffer
rats,numpy,fixed size global buffer
rats,numpy,fgetc
rats,numpy,strlen
rats,numpy,memcpy
rats,numpy,Static Global Buffer
rats,numpy,memcpy
rats,numpy,memcpy
rats,numpy,memcpy
rats,numpy,fixed size global buffer
rats,numpy,memcpy
rats,numpy,fixed size global buffer
rats,numpy,memcpy
rats,numpy,strlen
rats,numpy,fixed size global buffer
rats,numpy,memcpy
rats,numpy,buffer overflow
rats,numpy,fixed size global buffer
rats,numpy,strlen
rats,numpy,memcpy
rats,numpy,memcpy
rats,numpy,strlen
rats,numpy,memcpy
rats,numpy,memcpy
rats,numpy,fixed size global buffer
rats,numpy,compile
rats,numpy,fixed size local buffer
rats,numpy,fixed size local buffer
rats,numpy,fixed size local buffer
rats,numpy,fixed size global buffer
rats,numpy,realloc
rats,numpy,strlen
rats,numpy,fixed size global buffer
rats,numpy,realloc
rats,numpy,strlen
rats,numpy,fixed size global buffer
rats,numpy,fixed size global buffer
rats,numpy,fgetc
rats,numpy,strlen
rats,numpy,memcpy
rats,numpy,fixed size global buffer
rats,numpy,fgetc
rats,numpy,strlen
rats,numpy,memcpy
rats,numpy,buffer overflow
rats,numpy,fixed size global buffer
rats,numpy,strlen
rats,numpy,memcpy
rats,numpy,memcpy
rats,numpy,fixed size global buffer
rats,numpy,memcpy
rats,numpy,fixed size global buffer
rats,numpy,strlen
rats,numpy,memcpy
rats,numpy,fixed size local buffer
rats,numpy,fixed size local buffer
rats,numpy,fixed size local buffer
rats,pandas,realloc
rats,pandas,snprintf
rats,pandas,strlen
rats,pandas,strncpy
rats,pandas,eval
rats,pandas,fixed size local buffer
rats,pandas,realloc
rats,pandas,snprintf
rats,pandas,strlen
rats,pandas,compile
rats,pandas,fixed size local buffer
rats,pandas,fixed size local buffer
rats,pandas,fixed size local buffer
rats,pandas,fixed size local buffer
rats,pandas,random
rats,pandas,compile
rats,pandas,fixed size local buffer
rats,pandas,fixed size local buffer
rats,pytorch,fixed size local buffer
rats,pytorch,fixed size local buffer
rats,pytorch,getenv
rats,pytorch,memcpy
rats,pytorch,memcpy
rats,scipy,memcpy
rats,scipy,memcpy
rats,scipy,memcpy
rats,scipy,memcpy
rats,tensorflow,buffer overflow
rats,tensorflow,memcpy
rats,tensorflow,fixed size local buffer
rats,tensorflow,fixed size local buffer
rats,tensorflow,buffer overflow
rats,tensorflow,buffer overflow
rats,tensorflow,buffer overflow
rats,tensorflow,buffer overflow
rats,tensorflow,realloc
rats,tensorflow,memcpy
rats,tensorflow,buffer overflow
rats,tensorflow,memcpy
rats,tensorflow,buffer overflow
rats,tensorflow,buffer overflow
rats,tensorflow,memcpy
rats,tensorflow,buffer overflow
rats,tensorflow,buffer overflow
rats,tensorflow,buffer overflow
rats,tensorflow,memcpy
rats,tensorflow,memcpy
rats,tensorflow,fixed size local buffer
rats,tensorflow,buffer overflow
rats,tensorflow,fixed size local buffer
rats,tensorflow,fixed size local buffer
rats,tensorflow,buffer overflow
rats,tensorflow,fixed size global buffer
rats,tensorflow,memcpy
rats,tensorflow,fixed size local buffer
rats,tensorflow,fixed size local buffer
rats,tensorflow,memcpy
rats,tensorflow,buffer overflow
rats,tensorflow,buffer overflow
rats,tensorflow,buffer overflow
rats,tensorflow,buffer overflow
rats,tensorflow,buffer overflow
rats,tensorflow,memcpy
rats,tensorflow,buffer overflow
rats,tensorflow,fixed size local buffer
rats,tensorflow,buffer overflow
rats,tensorflow,fixed size global buffer
rats,tensorflow,memcpy
rats,tensorflow,fixed size local buffer
rats,tensorflow,fixed size local buffer
rats,tensorflow,buffer overflow
rats,tensorflow,buffer overflow
rats,tensorflow,buffer overflow
rats,tensorflow,fixed size global buffer
rats,tensorflow,buffer overflow
rats,tensorflow,buffer overflow
rats,tensorflow,memcpy
rats,tensorflow,buffer overflow
rats,tensorflow,fixed size global buffer
rats,tensorflow,compile
rats,tensorflow,buffer overflow
